DISCORD ID (testers),DISCORD ID(Supporters),
TheFox#0648,TheFox#0648,
curious_coiner#2580,curious_coiner#2580,
Braudel#7272,Braudel#7272,
TD (The DR?GON)#8141,TD (The DR?GON)#8141,
Rues#9144,tako#7469,
Mf3jgh7k#8782,Mf3jgh7k#8782,
tako#7469,jambulmerah#4668,
Manny Radu#0863,DareDvlDan#7068,
Bommi#1957,MyBrawl#3092,
lobo#3145,Goldenhammer#5794,
jambulmerah#4668,Nimz#3803,
fadang#3146,frdss#9572,
velterity#8642,Minas#6858,
Lyon#1030,Skingrat#3347,
kshnd7#0735,Alp#8077,
tasyurek#6741,DareDvlDan#7068,
Keqing#5106,riqaza#0068,
iyonger#8805,nothingholic#6571,
crazykanka#1458,Skingrat#3347,
MyBrawl#3092,TresTres#6052,
DareDvlDan#7068,Botticelli92#2080,
Kingone#5674,TsykaTune#1359,
BabyArman#5249,Ms.Tsy#5544,
frdss#9572,??????#4816,
ssucaglar#3437,Headblockchain.dao#6484,
Ms.Tsy#5544,Serob#5565,
CGlarenx#3422,Mars7#2482,
chawbella l XOiD#9389,Easy Triple#9502,
Goldenhammer#5794,Viktor Lychev#9545,
Mrldnc#8100,Evil_PeKaR#0903,
svskn#2075,oleglasiff#8589,
zardoz monopoly#7185,AlikTHOR#0965,
Liontrader#6871,Artemii#7779,
Skingrat#3347,Anatolii#2881,
AmirResurrected | PAX Maniac#3162,,
hevi21#0454,,
Sh3rly13#0501,,
Nimz#3803,,
Minas#6858,,
PsyhconaR#3827,,
wenGwagon#8763,,
dricake#2574,,
kabomba86#3513,,
Osman G#1694,,
Chelseazhi#7541,,
ychow#0595,,
VVX#9397,,
wxh186#8547,,
tokenstart.bit#1235,,
CryptoJian#2237,,
edmondwong#2429,,
dior#1790,,
cafenha#7481,,
Edison69#5837,,
Alp#8077,,
devin#5458,,
chlingm#5474,,
yidiandian#3458,,
trunghieu579#8045,,
BTrend#1669,,
Alex1010#1178,,
riqaza#0068,,
Jefchan#4551,,
NFTA#4110,,
harecom#8554,,
Bruce#3573,,
luckyrubyus#6799,,
cutefish.nft#1373,,
Branti#1908,,
??????#8827,,
Dirk-Nowitzki#9718,,
bcdao999#3228,,
yanganming.bit#4546,,
renjian#1876,,
Zeddddd#9380,,
Dewson#0180,,
lokbtc11#8950,,
chdonger#1172,,
mazon.tez#6653,,
yang6613#3037,,
Crypto.eth#4870,,
???#4120,,
mgn108#8676,,
new coiner#4974,,
Mr.yu#0647,,
shaqeeq khan#9945,,
ibrahim04#8673,,
vamph#1669,,
ms28#9380,,
TresTres#6052,,
de da ayr? yodas?#3731,,
STAR#9498,,
Tiansky?DreamVerse#3890,,
danielLaw#9305,,
MDD-???#0694,,
anyanyna#4596,,
Botticelli92#2080,,
wanghappy#5423,,
alexpona3#1691,,
woojun#1875,,
Bertoni#8270,,
Vanek#9645,,
Igorek38 | AFAR#8299,,
ZZzzzioi_#7152,,
Eugeniu#2920,,
TsykaTune#1359,,
sdr#4984,,
Domar#2202,,
cream#0471,,
miorightone#5189,,
Alek#8562,,
lamcrytoforex#5311,,
MONSTER APE Harut#2574,,
lennymyboah53#6648,,
horafa73#6364,,
Borodach#0861,,
Nap#1768,,
Koshechka#0813,,
Maximuss#8865,,
oko#6040,,
Orhancan#0788,,
wimingman??#7910,,
ssydj#0093,,
Serhii#3429,,
tamilin#2499,,
????#5097,,
prorok_bm#3878,,
ugohandro#5558,,
Lonyef#6662,,
ahmkah#6535,,
Nady10#8990,,
den1s#9158,,
Smith?STEPN#7838,,
SigoContigo\__{*v*}__/#4783,,
riezza__#2650,,
handsomebao#2453,,
Cupea#6531,,
Q380#2549,,
Alex96#6178,,
PashaVolia#5676,,
Nonsence#8391,,
ALEKSEI#8943,,
Artem Aristotelev#6332,,
vladsqrt#3820,,
Jaha#9160,,
??????#4816,,
Headblockchain.dao#6484,,
nikogo#6168,,
renkaali#8293,,
Cap Kaki Tiga#1650,,
arbanisans#4591,,
Serob#5565,,
ViaVy#2942,,
uguryuksel2#3214,,
erian21#7075,,
GokselAtasert08#9188,,
Viktor Lychev#9545,,
AlikTHOR#0965,,
isinoptic#4513,,
Artemii#7779,,
Genesis0772#6060,,
Anatolii#2881,,
Evil_PeKaR#0903,,
ade4u#7042,,
pve4849#3151,,
permskyi_straik#7704,,
niko21#6612,,
Forious#6233,,
Korrozy#8009,,
intelpocik#1777,,
vadim.magregb#6657,,
espirum#6578,,
Perez449444#0577,,
IvanZolin#2172,,
RuslanVaulin#7121,,
?????? 1776#3154,,
BT1#3024,,
UlfBern | UnUniFi#3689,,
Malch647#8263,,
wer#5424,,
kpacmu#2904,,
stanleyipkiss#8642,,
FreiX#1458,,
ilia#9113,,
Tim_talker#9347,,
SaintZDK#8496,,
komeng#3496,,
Alyzerrr#4434,,
asio#4283,,
S neba#4847,,
soulastz#8522,,
sasha1226#9365,,
0xAlprido#2988,,
unijaychie#9027,,
Wilson810438#6548,,
UnreaLL#4433,,
Muraty1980#0142,,
Eleonora.Crypto#8121,,
DonBlack#1824,,
Alex-kun#3144,,
cornobrovakote#5390,,
sad?k#6033,,
Dakhilzadeh#5961,,
qiwi | SkateX#6299,,
Brown141627#3795,,
TaniaBorealis#8723,,
BrooksPearl#1570,,
Arata#8591,,
Nikitpra#5624,,
VOlga#6117,,
Kuzma#9283,,
Yuliya | The One#8312,,
rynnallet#1713,,
Rusl#5521,,
,,
,,
,,
,,
,,
,,
,,
,,
,,
,,
,,
,,
,,
,,
,,
,,
,,
,,
,,
,,
,,
,,
,,
,,
,,
,,
,,
,,
,,
,,
,,
,,
,,
,,
,,
,,
,,
,,
,,
,,
,,
,,
,,
,,
,,
,,
,,
,,
,,
,,
,,
,,
,,
,,
,,
,,
,,
,,
,,
,,
,,
,,
,,
,,
,,
,,
,,
,,
,,
,,
,,
,,
,,
,,
,,
,,
,,
,,
,,
,,
,,
,,
,,
,,
,,
,,
,,
,,
,,
,,
,,
,,
,,
,,
,,
,,
,,
,,
,,
,,
,,
,,
,,
,,
,,
,,
,,
,,
,,
,,
,,
,,
,,
,,
,,
,,
,,
,,
,,
,,
,,
,,
,,
,,
,,
,,
,,
,,
,,
,,
,,
,,
,,
,,
,,
,,
,,
,,
,,
,,
,,
,,
,,
,,
,,
,,
,,
,,
,,
,,
,,
,,
,,
,,
,,
,,
,,
,,
,,
,,
,,
,,
,,
,,
,,
,,
,,
,,
,,
,,
,,
,,
,,
,,
,,
,,
,,
,,
,,
,,
,,
,,
,,
,,
,,
,,
,,
,,
,,
,,
,,
,,
,,
,,
,,
,,
,,
,,
,,
,,
,,
,,
,,
,,
,,
,,
,,
,,
,,
,,
,,
,,
,,
,,
,,
,,
,,
,,
,,
,,
,,
,,
,,
,,
,,
,,
,,
,,
,,
,,
,,
,,
,,
,,
,,
,,
,,
,,
,,
,,
,,
,,
,,
,,
,,
,,
,,
,,
,,
,,
,,
,,
,,
,,
,,
,,
,,
,,
,,
,,
,,
,,
,,
,,
,,
,,
,,
,,
,,
,,
,,
,,
,,
,,
,,
,,
,,
,,
,,
,,
,,
,,
,,
,,
,,
,,
,,
,,
,,
,,
,,
,,
,,
,,
,,
,,
,,
,,
,,
,,
,,
,,
,,
,,
,,
,,
,,
,,
,,
,,
,,
,,
,,
,,
,,
,,
,,
,,
,,
,,
,,
,,
,,
,,
,,
,,
,,
,,
,,
,,
,,
,,
,,
,,
,,
,,
,,
,,
,,
,,
,,
,,
,,
,,
,,
,,
,,
,,
,,
,,
,,
,,
,,
,,
,,
,,
,,
,,
,,
,,
,,
,,
,,
,,
,,
,,
,,
,,
,,
,,
,,
,,
,,
,,
,,
,,
,,
,,
,,
,,
,,
,,
,,
,,
,,
,,
,,
,,
,,
,,
,,
,,
,,
,,
,,
,,
,,
,,
,,
,,
,,
,,
,,
,,
,,
,,
,,
,,
,,
,,
,,
,,
,,
,,
,,
,,
,,
,,
,,
,,
,,
,,
,,
,,
,,
,,
,,
,,
,,
,,
,,
,,
,,
,,
,,
,,
,,
,,
,,
,,
,,
,,
,,
,,
,,
,,
,,
,,
,,
,,
,,
,,
,,
,,
,,
,,
,,
,,
,,
,,
,,
,,
,,
,,
,,
,,
,,
,,
,,
,,
,,
,,
,,
,,
,,
,,
,,
,,
,,
,,
,,
,,
,,
,,
,,
,,
,,
,,
,,
,,
,,
,,
,,
,,
,,
,,
,,
,,
,,
,,
,,
,,
,,
,,
,,
,,
,,
,,
,,
,,
,,
,,
,,
,,
,,
,,
,,
,,
,,
,,
,,
,,
,,
,,
,,
,,
,,
,,
,,
,,
,,
,,
,,
,,
,,
,,
,,
,,
,,
,,
,,
,,
,,
,,
,,
,,
,,
,,
,,
,,
,,
,,
,,
,,
,,
,,
,,
,,
,,
,,
,,
,,
,,
,,
,,
,,
,,
,,
,,
,,
,,
,,
,,
,,
,,
,,
,,
,,
,,
,,
,,
,,
,,
,,
,,
,,
,,
,,
,,
,,
,,
,,
,,
,,
,,
,,
,,
,,
,,
,,
,,
,,
,,
,,
,,
,,
,,
,,
,,
,,
,,
,,
,,
,,
,,
,,
,,
,,
,,
,,
,,
,,
,,
,,
,,
,,
,,
,,
,,
,,
,,
,,
,,
,,
,,
,,
,,
,,
,,
,,
,,
,,
,,
,,
,,
,,
,,
,,
,,
,,
,,
,,
,,
,,
,,
,,
,,
,,
,,
,,
,,
,,
,,
,,
,,
,,
,,
,,
,,
,,
,,
,,
,,
,,
,,
,,
,,
,,
,,
,,
,,
,,
,,
,,
,,
,,
,,
,,
,,
,,
,,
,,
,,
,,
,,
,,
,,
,,
,,
,,
,,
,,
,,
,,
,,
,,
,,
,,
,,
,,
,,
,,
,,
,,
,,
,,
,,
,,
,,
,,
,,
,,
,,
,,
,,
,,
,,
,,
,,
,,
,,
,,
,,
,,
,,
,,
,,
,,
,,
,,
,,
,,
,,
,,
,,
,,
,,
,,
,,
,,
,,
,,
,,
,,
,,
,,
,,
,,
,,
,,
,,
,,
,,
,,
,,
,,
,,
,,
,,
,,
,,
,,
,,
,,
,,
,,
,,
,,
,,
,,
,,
,,
,,
,,
,,
